variable_col_16=Palau | where variable_col_13="Pittsburgh"
variable_col_16=Palau | sort variable_col_13
(((variable_col_13=Sea* AND variable_col_14 = "Oregon") AND invalidCol != XYZ) OR (variable_col_16 = Croa* AND NOT gender = MALE) OR (Snowcook OR app_name="Omenwi*")) | fields variable_col_13, variable_col_14, variable_col_16, gender, app_name
(variable_col_16=qatar AND ((NOT variable_col_3!=male) OR ((http_status > 404) AND latency <= 397119))) AND gender != fe* AND (first_name != CASE(CALE)) | fields ident, http_status, city, country, latency, gender, first_name, variable_col_16, variable_col_3
variable_col_0=batch* AND (app_name=Bracecould OR app_name=R*) | regex app_name=".*could" | eval abs_sum=abs(variable_col_4) | eval concated=abs_sum.latitude."_".ltrim(gender, "fem") | eval round_sum=round(variable_col_4, 2) | eval avg_sum_min_max= (latitude + variable_col_18 + variable_col_4)/3 | eval cnt=variable_col_4%123 | eval len_gender=len(gender) | eval request_status=if(http_status >= 400, "Error", "Success") | eval bool_success=if(in(http_status, 400, 404, 500), "0", 1) | eval is_string=if(isstr(bool_success), bool_success, null()) | eval decoded_url=urldecode("http%3A%2F%2Fwww.splunk.com%2Fdownload%3Fr%3Dheader") | where request_status in("Success") | eval splitVal=split(concated, ".") | eval max_cnt=max(162, cnt) | eval exact_per=exact(cnt/max_cnt) | eval gender_short=if(match(gender, "^m"), "A", "F") | eval toNumber=tonumber(bool_success) | eval status_hex=tostring(http_status, "hex") | eval substr_res=substr("splendid", 1, 3) . substr("chunk", -3) | eval logValue=log(http_status, 2) | eval formatted_time=strftime(1719415380000, "%Y") | eval timeType=typeof(formatted_time) | eval short_gen=if(searchmatch("gender=m*e"), "M", "F") | eval x="hi" | eval y="a" | eval z="great" | eval match=if(searchmatch("x=hi y=a? z=*"), "yes", "no") | eval nowResult=relative_time(now(),"-1h") | eval timeResult=relative_time(time()/1000,"-1h") | eval finalResult=if(nowResult=timeResult, "Pass", "Fail") | fields abs_sum, app_name, avg_sum_min_max, bool_success, cnt, concated, decoded_url, exact_per, finalResult, formatted_time, gender, gender_short, http_method, http_status, ident, is_string, len_gender, logValue, longitude, ltrim, match, max_cnt, request_status, round_sum, short_gen, splitVal, status_hex, substr_res, timeType, toNumber, x, y, z, variable_col_4, latitude, variable_col_18
variable_col_1=Orion | fields variable_col_1, batch, http_status, ident, variable_col_0
* | stats min(variable_col_15), max(variable_col_17), sum(variable_col_18), count BY variable_col_3 | eval temp_value = 1
* | stats avg(variable_col_4), max(variable_col_18), sum(variable_col_17) | eval temp_value = 1
city=Boston | bin variable_col_4 as bin_http | bin bins=2 variable_col_4 as bin_http_2 | bin span=5s variable_col_4 as bin_http_3 | bin span=2log3 variable_col_4 as bin_http_4 | bin minspan=500 variable_col_4 as bin_http_5 | bin bins=50000 variable_col_4 as bin_http_6 | bin bins=50000 minspan=2 variable_col_4 as bin_http_7 | bin end=100000 variable_col_4 as bin_http_8 | bin start=-10000 variable_col_4 as bin_http_9 | fields bin_http, bin_http_2, bin_http_3, bin_http_4, bin_http_5, bin_http_6, bin_http_7, bin_http_8, bin_http_9, http_status, ident
variable_col_7=Human http_method != "POST" gender=ma* | stats avg(variable_col_4) as avg, max(variable_col_15), min(variable_col_18), sum(variable_col_17), range(variable_col_19), count, values(variable_col_3), dc(variable_col_2) as distinct_count, list(variable_col_16)
city=Boston AND (app_name=Cheet* OR variable_col_3=ma*) | stats avg(eval(if(variable_col_17 > 300, 100, 10))) as avg, sum(eval(if(variable_col_17 > 400, 100, 10))) as sum, min(eval(if(variable_col_17 > 400, "abc", "ABC"))) as min, max(eval(if(variable_col_17 > 400, "Error", "Success"))) as max, range(eval(if(variable_col_17 > 400, latitude, longitude))) as range, count(eval(variable_col_17 > 300 AND http_method="PATCH")) as count, values(eval(if(variable_col_17 > 302, "Error", variable_col_17))) as values, dc(eval(if(variable_col_17 > 310, "Error", variable_col_17))) as dc, list(eval(if(variable_col_17 > 400, 1, 1))) as list BY variable_col_8, bool_col
variable_col_3=male AND (app_name=Bracecould OR variable_col_7=C*) | regex variable_col_8=".*s" | stats avg(variable_col_4), max(variable_col_19) as max, min(variable_col_18) as min, sum(variable_col_17) as sum, range(variable_col_15), count as cnt, values(variable_col_9), dc(variable_col_6) as distinct_count, list(variable_col_2) BY variable_col_16, bool_col
variable_col_3 = female | head (variable_col_18 > 0 OR variable_col_9="Director") null=true keeplast=true | fields country, variable_col_3, variable_col_9, gender, http_method
variable_col_7 = Future | head variable_col_3="male" OR city="Norfolk" keeplast=true | fields city, gender, app_name, variable_col_7, variable_col_3
variable_col_2=F* AND (variable_col_7=Future OR variable_col_7=C*) | eval nullField1=null() | eval nullField2=null() | eval nullStatus=nullif(variable_col_3, "male") | fillnull value=FILLING nullField1 nullField2 | fields city, variable_col_18, variable_col_3, nullField1, nullField2, nullStatus, user_email | where variable_col_3="male" | eval masked_email=replace(user_email, "^([^@]+)@", "xxxxx@") | eval original_date_string="2024-06-25 12:00:00 UTC" | eval original_parsed_time=strptime(original_date_string, "%Y-%m-%d %H:%M:%S %Z") | eval formatted_time=strftime(original_parsed_time*1000, "%Y-%m-%d %H:%M:%S %Z") | eval reparsed_time=strptime(formatted_time, "%Y-%m-%d %H:%M:%S %Z") | eval res=if(original_parsed_time=reparsed_time ,"pass" ,"fail") | eval rel_time=relative_time(1721738260, "-1m") | fields city,http_status,nullField1,nullField2,nullStatus,user_email,masked_email,res,reparsed_time,formatted_time,original_parsed_time,original_date_string,rel_time, variable_col_2, variable_col_7, variable_col_3
http_method=POST AND (app_name=Bracecould OR variable_col_7=*r*) | regex variable_col_9="D.*" | stats avg(variable_col_18) as avg_latency, max(variable_col_18) as max, min(variable_col_19) as min, sum(latitude) as sum, range(variable_col_18), count as cnt, values(weekday), dc(weekday) as distinct_count, list(http_method) BY gender, variable_col_3 | eval abs_sum=abs(sum) | eval concated=abs_sum.sum."_".ltrim(gender, "fem") | eval round_sum=round(sum, 2) | eval avg_sum_min_max= (sum + max + min)/3 | eval len_gender=len(gender) | eval request_status=if(variable_col_3 = "male", "Error", "Success") | eval bool_success=if(in(variable_col_3, "male", "female"), "0", 1) | eval is_string=if(isstr(bool_success), bool_success, 0) | eval decoded_url=urldecode("http%3A%2F%2Fwww.splunk.com%2Fdownload%3Fr%3Dheader") | where request_status in("Success") | eval splitVal=split(concated, ".") | eval max_cnt=max(162, cnt) | eval exact_per=exact(cnt/max_cnt) | eval gender_short=if(match(gender, "^m"), "A", "F") | eval toNumber=tonumber(bool_success) | eval status_hex=tostring(variable_col_3, "hex") | eval substr_res=substr("splendid", 1, 3) . substr("chunk", -3) | eval logValue=log(variable_col_3, 2) | eval formatted_time=strftime(1719415380000, "%Y") | eval timeType=typeof(formatted_time) | eval short_gen=if(searchmatch("gender=m*e"), "M", "F") | eval x="hi" | eval y="a" | eval z="great" | eval match=if(searchmatch("x=hi y=a? z=*"), "yes", "no") | eval nowResult=relative_time(now(), "-1h") | eval timeResult=relative_time(time()/1000, "-1h") | eval finalResult=if(nowResult=timeResult, "Pass", "Fail") | fields -nowResult, timeResult
variable_col_3=female | eval temp_value = variable_col_19%2 | stats count, sum(variable_col_18) BY variable_col_9, temp_value
search group="group 0" city=Boston variable_col_9=S* | earliest=-12h@h | eval lat_http = round((latitude*100)/http_status,2) | eval long_http = round((longitude*100)/http_status,2) | eval latency_http = round((latency*100)/http_status,2) | fields group, variable_col_3, lat_http, long_http, latency_http | timechart span=30m avg(lat_http) as avg_lat_http by variable_col_3 limit=100
variable_col_3=male | eval multi_val = variable_col_6.",".variable_col_7.",".variable_col_8.",".variable_col_5." multi val" | makemv delim="," multi_val | eval mvindex2 = mvindex(multi_val, 2) | eval mvindex02 = mvindex(multi_val, 0, 2) | eval mvindex_1 = mvindex(multi_val, -1) | eval mvindex_3_1 = mvindex(multi_val, -3, -1) | eval mvcount = mvcount(multi_val) | eval mvjoin = mvjoin(multi_val, ":") | eval mvfind = mvfind(multi_val, "^N.*$") | eval split = split("a:bc:123", ":") | eval split_join = mvjoin(split("a:bc:123", ":"), "?") | eval split_count = mvcount(split("a:bc:123", ":")) | eval split_index = mvindex(split("a:bc:123", ":"), -2, 2) | eval split_find = mvfind(split("a:bc:123", ":"), "^b.*$") | fields app_name, first_name, last_name, country, city, multi_val, mvindex2, mvindex02, mvindex_1, mvindex_3_1, mvcount, mvjoin, mvfind, split, split_join, split_count, split_index, split_find, ident
variable_col_7 != International | eval names="Frank,Grace,Heidi,Ivan"| makemv delim="," names | head 4 | mvexpand names limit=2 | fields names
city=Boston | rex field=variable_col_5 "(?:https?://)(?<uri_segment>[^/]+)" | fields uri_segment, variable_col_4, variable_col_5, variable_col_19 | stats count, avg(variable_col_4) as avg_response, max(variable_col_19) as max_response by variable_col_3 | eval response_category = case( avg_response < 500000, "Fast", avg_response < 1000000, "Medium", avg_response >= 1000000, "Slow") | stats count, avg(avg_response) as avg_response by response_category | sort response_category
city=Boston | stats count(eval(2)) as cnt_const, count(eval(variable_col_4 > 400)) as cnt_bool, count(eval(variable_col_4+10)) as cnt_exp, count(eval(if(variable_col_4 > 300, 1, 0))) as cnt_if, sum(eval(2)) as sum_const, sum(eval(variable_col_4 > 300)) as sum_bool, sum(eval(variable_col_4+20)) as sum_exp, sum(eval(if(variable_col_4 > 300, 2, 1))) as sum_if, avg(eval(3)) as avg_const, avg(eval(variable_col_4 > 400)) as avg_bool, avg(eval(variable_col_4+30)) as avg_exp, avg(eval(if(variable_col_4 > 301, 20, 10))) as avg_if, min(eval(1000)) as min_const, min(eval(variable_col_4 >= 201)) as min_bool, min(eval(variable_col_4+10)) as min_exp, min(eval(if(variable_col_4 > 300, 2, "abc"))) as min_if, max(eval(-2)) as max_const, max(eval(variable_col_4 < 500)) as max_bool, max(eval(variable_col_4-10)) as max_exp, max(eval(if(variable_col_4 > 300, 2, "abc"))) as max_if, range(eval(-1)) as range_const, range(eval(variable_col_4 > 400)) as range_bool, range(eval(variable_col_4+10)) as range_exp, range(eval(if(variable_col_4 > 300, 100, -100))) as range_if, dc(eval(1)) as dc_const, dc(eval(variable_col_4 > 400)) as dc_bool, dc(eval(variable_col_4+20)) as dc_exp, dc(eval(if(variable_col_4 > 300, "abc", "def"))) as dc_if, values(eval(100)) as values_const, values(eval(variable_col_4 > 400)) as values_bool, values(eval(variable_col_4+30)) as values_exp, values(eval(if(variable_col_4 > 300, 2, "abc"))) as values_if, list(eval(-100)) as list_const, list(eval(if(variable_col_4 > 300, 2, 2))) as list_if
search variable_col_0=batch* group="group 0" user_agent=Mozilla*Mac* AND user_agent!=Opera* variable_col_17 > 0 | earliest=-12h@h | eval hobby_http=hobby+"@"+http_method | timechart span=15m max(variable_col_19) as max_latency by hobby_http | sort -max_latency
search variable_col_0=batch* group="group 0" user_agent=Mozilla*Mac* AND user_agent!=Opera* variable_col_17 > 0 | earliest=-12h@h | eval hobby_http=hobby+"@"+http_method | timechart span=15m max(variable_col_19) as max_latency
variable_col_3=female | fields variable_col3, ident, variable_col_6 | tail
variable_col_8=A* | sort ident | tail 2 | eval varField=12 | fields city, app_name, ident, var*
* | tail 30000 | stats count, sum(variable_col_19) as sum, avg(variable_col_18) as avg_latency
variable_col_18 > 0 | fields var*, http_status, country | dedup consecutive=true variable_col_3 sortby http_status, country
variable_col_18 > 0 | fields var*, http_status, country | dedup variable_col_3 sortby http_status, country
variable_col_1=B* | top variable_col_8 useother=true countfield=count percentfield=percent
variable_col_9=S* | rare variable_col_16 useother=false percentfield=rare_pc countfield=rare_count showperc=true
variable_col_9=A* | rare 5 variable_col_7 useother=false percentfield=rare_pc countfield=rare_count showperc=true | eval city_count=rare_count.variable_col_7 | top 5 variable_col_7, city_count useother=false countfield=top_count percentfield=top_percent
variable_col_7=I* | stats count as count BY variable_col_8 | top 5 variable_col_8, count useother=true countfield=count percentfield=percent
